,marker,seq,nts
1,DYS19,TAGA,4
2,DYS385,GAAA,4
3,DYS389,TCTG,4
4,DYS390,TCTA,4
5,DYS391,TCTA,4
6,DYS392,TAT,3
7,DYS393,AGAT,4
8,YCAII,CA,2
9,DYS388,ATT,3
10,DYS425,TGT,3
11,DYS426,GTT,3
12,DYS434,TAAT,4
13,DYS435,TGGA,4
14,DYS436,GTT,3
15,DYS437,TCTA,4
16,DYS438,TTTTC,5
17,DYS439,AGAT,4
18,DYS441,TTCC,4
19,DYS442,TATC,4
20,DYS443,TTCC,4
21,DYS444,TAGA,4
22,DYS445,TTTA,4
23,DYS446,TCTCT,5
24,DYS447,TAAWA,5
25,DYS448,AGAGAT,6
26,DYS449,TTTC,4
27,DYS450,TTTTA,5
28,DYS452,YATAC,5
29,DYS453,AAAT,4
30,DYS454,AAAT,4
31,DYS455,AAAT,4
32,DYS456,AGAT,4
33,DYS458,GAAA,4
34,DYS459,TAAA,4
35,DYS460,ATAG,4
36,DYS461,TAGA,4
37,DYS462,TATG,4
38,DYS463,AARGG,5
39,DYS464,CCTT,4
40,DYS481,CTT,3
41,DYS485,TTA,3
42,DYS490,TTA,3
43,DYS495,AAT,3
44,DYS497,TTA,3
45,DYS504,TCCT,4
46,DYS505,TCCT,4
47,DYS508,TATC,4
48,DYS520,ATAS,4
49,DYS522,GATA,4
50,DYS525,TAGA,4
51,DYS531,AAAT,4
52,DYS532,CTTT,4
53,DYS533,ATCT,4
54,DYS534,CTTT,4
55,DYS540,TTAT,4
56,DYS549,GATA,4
57,DYS556,AATA,4
58,DYS557,TTTC,4
59,DYS565,ATAA,4
60,DYS570,TTTC,4
61,DYS572,AAAT,4
62,DYS573,TTTA,4
63,DYS575,AAAT,4
64,DYS576,AAAG,4
65,DYS594,AAATA,5
66,DYS607,GAAG,4
67,DYS612,CCT,3
68,DYS626,AAAG,4
69,DYS632,CATT,4
70,DYS635,TSTA,4
71,DYS641,TAAA,4
72,DYS643,CTTTT,5
73,Y-GATA-H4,TAGA,4
74,Y-GATA-C4,TSTA,4
75,Y-GATA-A10,TCCA,4
